{"cameraMode":{"drawMode":0,"name":"Shaded","section":"Shading Mode"},"sceneLighting":true,"audioPlay":false,"sceneViewState":{"m_AlwaysRefresh":false,"showFog":true,"showSkybox":true,"showFlares":true,"showImageEffects":true,"showParticleSystems":true,"showVisualEffectGraphs":true,"m_FxEnabled":true},"in2DMode":false,"pivot":{"x":47.201133728027347,"y":2.04318904876709,"z":-8.240955352783204},"rotation":{"x":0.0033209980465471746,"y":0.9965882301330566,"z":-0.06467924267053604,"w":0.05117054656147957},"size":35.86454772949219,"orthographic":false}