{"cameraMode":{"drawMode":0,"name":"Shaded","section":"Shading Mode"},"sceneLighting":true,"audioPlay":false,"sceneViewState":{"m_AlwaysRefresh":false,"showFog":true,"showSkybox":true,"showFlares":true,"showImageEffects":true,"showParticleSystems":true,"showVisualEffectGraphs":true,"m_FxEnabled":true},"in2DMode":false,"pivot":{"x":-1.498441219329834,"y":4.139010906219482,"z":-13.623823165893555},"rotation":{"x":0.023988602682948114,"y":-0.028487687930464746,"z":0.0006798728718422353,"w":0.9993139505386353},"size":4.164322376251221,"orthographic":true}