{"cameraMode":{"drawMode":0,"name":"Shaded","section":"Shading Mode"},"sceneLighting":false,"audioPlay":false,"sceneViewState":{"m_AlwaysRefresh":false,"showFog":true,"showSkybox":false,"showFlares":true,"showImageEffects":true,"showParticleSystems":true,"showVisualEffectGraphs":true,"m_FxEnabled":true},"in2DMode":false,"pivot":{"x":24.466102600097658,"y":0.5416064858436585,"z":-0.18923616409301759},"rotation":{"x":0.12756802141666413,"y":0.3448216915130615,"z":-0.047362688928842548,"w":0.9287527203559876},"size":2.6799654960632326,"orthographic":true}