{"cameraMode":{"drawMode":0,"name":"Shaded","section":"Shading Mode"},"sceneLighting":false,"audioPlay":false,"sceneViewState":{"m_AlwaysRefresh":false,"showFog":true,"showSkybox":false,"showFlares":true,"showImageEffects":true,"showParticleSystems":true,"showVisualEffectGraphs":true,"m_FxEnabled":true},"in2DMode":false,"pivot":{"x":16.895774841308595,"y":10.582132339477539,"z":0.09562110900878906},"rotation":{"x":-0.02079320326447487,"y":-0.1390199214220047,"z":-0.002926291897892952,"w":0.9900805950164795},"size":0.6532431244850159,"orthographic":true}